{
    "test_accuracy": 62.03703703703704,
    "avg_bleu": 55.73433855043992,
    "avg_chrf": 67.5499588691571,
    "classification_report": {
        "0": {
            "precision": 0.5,
            "recall": 0.3333333333333333,
            "f1-score": 0.4,
            "support": 3.0
        },
        "1": {
            "precision": 1.0,
            "recall": 1.0,
            "f1-score": 1.0,
            "support": 3.0
        },
        "2": {
            "precision": 0.0,
            "recall": 0.0,
            "f1-score": 0.0,
            "support": 3.0
        },
        "3": {
            "precision": 0.4,
            "recall": 0.4,
            "f1-score": 0.4,
            "support": 5.0
        },
        "4": {
            "precision": 0.6666666666666666,
            "recall": 0.4,
            "f1-score": 0.5,
            "support": 5.0
        },
        "5": {
            "precision": 1.0,
            "recall": 0.4,
            "f1-score": 0.5714285714285714,
            "support": 5.0
        },
        "6": {
            "precision": 0.3333333333333333,
            "recall": 0.2,
            "f1-score": 0.25,
            "support": 5.0
        },
        "7": {
            "precision": 0.6666666666666666,
            "recall": 0.8,
            "f1-score": 0.7272727272727273,
            "support": 5.0
        },
        "8": {
            "precision": 1.0,
            "recall": 1.0,
            "f1-score": 1.0,
            "support": 5.0
        },
        "9": {
            "precision": 0.5714285714285714,
            "recall": 0.8,
            "f1-score": 0.6666666666666666,
            "support": 5.0
        },
        "10": {
            "precision": 0.6666666666666666,
            "recall": 0.6666666666666666,
            "f1-score": 0.6666666666666666,
            "support": 6.0
        },
        "11": {
            "precision": 0.3333333333333333,
            "recall": 0.5,
            "f1-score": 0.4,
            "support": 6.0
        },
        "12": {
            "precision": 1.0,
            "recall": 1.0,
            "f1-score": 1.0,
            "support": 6.0
        },
        "13": {
            "precision": 0.8,
            "recall": 0.6666666666666666,
            "f1-score": 0.7272727272727273,
            "support": 6.0
        },
        "14": {
            "precision": 1.0,
            "recall": 0.8333333333333334,
            "f1-score": 0.9090909090909091,
            "support": 6.0
        },
        "15": {
            "precision": 0.5714285714285714,
            "recall": 0.6666666666666666,
            "f1-score": 0.6153846153846154,
            "support": 6.0
        },
        "16": {
            "precision": 0.5,
            "recall": 0.8333333333333334,
            "f1-score": 0.625,
            "support": 6.0
        },
        "17": {
            "precision": 0.4,
            "recall": 0.5,
            "f1-score": 0.4444444444444444,
            "support": 8.0
        },
        "18": {
            "precision": 0.6,
            "recall": 0.5,
            "f1-score": 0.5454545454545454,
            "support": 6.0
        },
        "19": {
            "precision": 0.6,
            "recall": 0.5,
            "f1-score": 0.5454545454545454,
            "support": 6.0
        },
        "20": {
            "precision": 0.6666666666666666,
            "recall": 0.4,
            "f1-score": 0.5,
            "support": 5.0
        },
        "21": {
            "precision": 0.6,
            "recall": 0.6,
            "f1-score": 0.6,
            "support": 5.0
        },
        "22": {
            "precision": 0.3333333333333333,
            "recall": 0.6666666666666666,
            "f1-score": 0.4444444444444444,
            "support": 3.0
        },
        "23": {
            "precision": 0.3333333333333333,
            "recall": 0.3333333333333333,
            "f1-score": 0.3333333333333333,
            "support": 3.0
        },
        "24": {
            "precision": 1.0,
            "recall": 0.6666666666666666,
            "f1-score": 0.8,
            "support": 3.0
        },
        "25": {
            "precision": 0.75,
            "recall": 1.0,
            "f1-score": 0.8571428571428571,
            "support": 3.0
        },
        "26": {
            "precision": 0.5,
            "recall": 0.5,
            "f1-score": 0.5,
            "support": 2.0
        },
        "27": {
            "precision": 0.2,
            "recall": 0.3333333333333333,
            "f1-score": 0.25,
            "support": 3.0
        },
        "28": {
            "precision": 0.0,
            "recall": 0.0,
            "f1-score": 0.0,
            "support": 3.0
        },
        "29": {
            "precision": 0.3333333333333333,
            "recall": 0.3333333333333333,
            "f1-score": 0.3333333333333333,
            "support": 3.0
        },
        "30": {
            "precision": 1.0,
            "recall": 1.0,
            "f1-score": 1.0,
            "support": 5.0
        },
        "31": {
            "precision": 1.0,
            "recall": 0.8,
            "f1-score": 0.8888888888888888,
            "support": 5.0
        },
        "32": {
            "precision": 0.4,
            "recall": 0.4,
            "f1-score": 0.4,
            "support": 5.0
        },
        "33": {
            "precision": 0.5,
            "recall": 0.8,
            "f1-score": 0.6153846153846154,
            "support": 5.0
        },
        "34": {
            "precision": 0.75,
            "recall": 0.6,
            "f1-score": 0.6666666666666666,
            "support": 5.0
        },
        "35": {
            "precision": 0.6666666666666666,
            "recall": 0.8,
            "f1-score": 0.7272727272727273,
            "support": 5.0
        },
        "36": {
            "precision": 0.3333333333333333,
            "recall": 0.3333333333333333,
            "f1-score": 0.3333333333333333,
            "support": 3.0
        },
        "37": {
            "precision": 0.75,
            "recall": 1.0,
            "f1-score": 0.8571428571428571,
            "support": 3.0
        },
        "38": {
            "precision": 1.0,
            "recall": 0.5,
            "f1-score": 0.6666666666666666,
            "support": 2.0
        },
        "39": {
            "precision": 1.0,
            "recall": 0.5,
            "f1-score": 0.6666666666666666,
            "support": 2.0
        },
        "40": {
            "precision": 0.0,
            "recall": 0.0,
            "f1-score": 0.0,
            "support": 3.0
        },
        "41": {
            "precision": 0.6666666666666666,
            "recall": 0.6666666666666666,
            "f1-score": 0.6666666666666666,
            "support": 3.0
        },
        "42": {
            "precision": 0.6666666666666666,
            "recall": 0.4,
            "f1-score": 0.5,
            "support": 5.0
        },
        "43": {
            "precision": 0.6,
            "recall": 0.6,
            "f1-score": 0.6,
            "support": 5.0
        },
        "44": {
            "precision": 0.0,
            "recall": 0.0,
            "f1-score": 0.0,
            "support": 2.0
        },
        "45": {
            "precision": 0.6666666666666666,
            "recall": 0.6666666666666666,
            "f1-score": 0.6666666666666666,
            "support": 3.0
        },
        "46": {
            "precision": 0.0,
            "recall": 0.0,
            "f1-score": 0.0,
            "support": 3.0
        },
        "47": {
            "precision": 0.3333333333333333,
            "recall": 0.3333333333333333,
            "f1-score": 0.3333333333333333,
            "support": 3.0
        },
        "48": {
            "precision": 0.6666666666666666,
            "recall": 0.6666666666666666,
            "f1-score": 0.6666666666666666,
            "support": 3.0
        },
        "49": {
            "precision": 0.75,
            "recall": 1.0,